scope,n,qer_mean
ALL,1694431,0.12145273885178831
skincare,35253,0.1680953533856328
makeup,182843,0.14037105931973318
haircare,180045,0.12551273774898952
fragrance,4341,0.19483656141245845
